City ID,City,Cloudiness,Country,Date,Humidity,Lat,Lng,Max Temp,Wind Speed
0,Albany,40,US,1570758446,50,42.65,-73.75,57.2,5.82
1,Nikolskoye,90,RU,1570758446,93,59.7,30.79,44.6,3.66
2,Bluff,25,AU,1570758446,34,-23.58,149.07,81.18,3.05
3,Tautira,20,PF,1570758446,61,-17.73,-149.15,82.4,8.05
4,Bethel,90,US,1570758446,100,60.79,-161.76,39.2,16.11
5,Belaya Gora,100,RU,1570758447,89,68.54,146.19,17.55,5.46
6,Busselton,95,AU,1570758447,54,-33.64,115.35,69.01,9.78
7,Arraial do Cabo,100,BR,1570758447,90,-22.97,-42.02,71.73,16.12
8,Sitka,0,US,1570758447,65,37.17,-99.65,37.0,27.0
9,Airai,43,TL,1570758447,27,-8.93,125.41,84.72,8.96
10,Fairbanks,90,US,1570758447,100,64.84,-147.72,37.99,3.36
11,Estevan,90,CA,1570758447,74,49.14,-102.99,30.2,8.05
12,Kapaa,1,US,1570758447,74,22.08,-159.32,89.6,3.36
13,Guerrero Negro,0,MX,1570758448,80,27.97,-114.04,66.33,10.31
14,Cabedelo,20,BR,1570758448,83,-6.97,-34.84,77.0,11.41
15,Hofn,100,IS,1570758448,90,64.25,-15.21,46.09,32.87
16,Rikitea,100,PF,1570758448,71,-23.12,-134.97,68.54,8.1
17,Bredasdorp,100,ZA,1570758448,87,-34.53,20.04,52.0,2.9
18,Seoul,1,KR,1570758448,77,37.57,126.98,66.2,5.82
19,Changde,97,CN,1570758448,59,29.04,111.68,73.33,8.95
20,Narsaq,77,GL,1570758448,64,60.91,-46.05,35.6,3.36
21,Butaritari,58,KI,1570758449,60,3.07,172.79,84.6,6.4
22,Dakar,0,SN,1570758449,88,14.69,-17.45,78.8,8.05
23,Yellowknife,20,CA,1570758449,84,62.45,-114.38,37.0,4.7
24,Buchanan,75,LR,1570758449,94,5.88,-10.05,77.0,3.52
25,Half Moon Bay,5,US,1570758449,19,37.46,-122.43,77.0,8.05
26,Ushuaia,90,AR,1570758449,79,-54.81,-68.31,26.6,21.92
27,Pacific Grove,1,US,1570758449,30,36.62,-121.92,73.4,6.93
28,Punta Arenas,20,CL,1570758449,59,-53.16,-70.91,33.8,18.34
29,Saint-Medard-en-Jalles,0,FR,1570758450,93,44.9,-0.72,54.0,3.36
30,Jamestown,0,AU,1570758450,25,-33.21,138.6,69.78,7.64
31,Port Blair,40,IN,1570758450,94,11.67,92.75,77.0,2.24
32,Clyde River,90,CA,1570758450,80,70.47,-68.59,33.8,11.41
33,Nanchang,0,CN,1570758450,56,28.68,115.89,83.07,11.1
34,Mulki,75,PL,1570758450,87,49.81,20.51,48.2,8.05
35,Pevek,20,RU,1570758450,74,69.7,170.27,21.38,16.3
36,Lillooet,1,CA,1570758450,76,50.69,-121.94,44.6,3.36
37,Starogard Gdanski,75,PL,1570758450,93,53.96,18.53,48.0,10.29
38,Mar del Plata,0,AR,1570758451,77,-46.43,-67.52,44.37,2.33
39,Karaton,40,ID,1570758451,74,-6.34,106.1,82.4,6.93
40,Sao Filipe,18,CV,1570758451,81,14.9,-24.5,78.42,4.27
41,Hermanus,100,ZA,1570758451,89,-34.42,19.24,53.01,1.99
42,Tasiilaq,0,GL,1570758451,80,65.61,-37.64,33.8,6.93
43,Nemuro,75,JP,1570758451,87,43.32,145.57,60.8,8.05
44,Henties Bay,0,NA,1570758451,93,-22.12,14.28,52.14,1.86
45,Lorengau,100,PG,1570758451,67,-2.02,147.27,84.79,8.61
46,Boddam,20,GB,1570758452,87,57.47,-1.78,50.0,5.82
47,Cawayan,40,PH,1570758452,79,9.81,123.54,84.2,6.93
48,Castro,90,CL,1570758452,100,-42.48,-73.76,50.0,9.17
49,Barentu,64,ER,1570758452,63,15.11,37.59,74.59,3.71
50,Colares,0,PT,1570758452,55,38.8,-9.45,64.99,3.36
51,Bilma,57,NE,1570758452,25,18.69,12.92,85.12,6.18
52,Ancud,90,CL,1570758452,100,-41.87,-73.83,50.0,9.17
53,Barrow,99,AR,1570758452,88,-38.31,-60.23,60.3,11.9
54,Bacolod,49,PH,1570758452,68,10.68,122.95,83.48,5.0
55,Port Macquarie,75,AU,1570758453,55,-31.43,152.91,68.0,11.41
56,Dikson,100,RU,1570758453,91,73.51,80.55,30.72,30.96
57,Jian,0,IN,1570758453,68,25.65,87.89,82.15,2.39
58,Muravlenko,100,RU,1570758453,94,63.79,74.5,39.69,2.27
59,Katobu,3,ID,1570758453,29,-4.94,122.53,94.73,3.34
60,Mataura,100,NZ,1570758453,88,-46.19,168.86,45.0,11.01
61,Faanui,100,PF,1570758453,76,-16.48,-151.75,76.66,16.86
62,Bambous Virieux,40,MU,1570758454,77,-20.34,57.76,73.0,11.41
63,Chuy,66,UY,1570758454,80,-33.69,-53.46,66.0,9.77
64,Bintulu,75,MY,1570758454,83,3.17,113.03,82.4,3.36
65,Saint George,20,GR,1570758454,93,39.45,22.34,62.6,1.37
66,Qaqortoq,0,GL,1570758454,64,60.72,-46.03,35.6,3.36
67,Iranshahr,0,IR,1570758454,22,27.21,60.69,79.16,2.66
68,Bayan,100,CN,1570758454,93,36.1,102.26,36.12,3.37
69,Okha,21,RU,1570758454,63,53.59,142.95,46.8,11.79
70,Coihaique,25,CL,1570758455,96,-45.58,-72.07,42.8,2.24
71,Saint-Philippe,1,CA,1570758455,62,45.36,-73.48,57.0,3.36
72,Haines Junction,100,CA,1570758455,97,60.75,-137.51,30.27,10.25
73,Bauchi,25,NG,1570758455,83,10.31,9.85,71.71,2.14
74,Cape Town,78,ZA,1570758455,87,-33.93,18.42,61.0,6.93
75,Phra Phutthabat,0,TH,1570758455,79,14.72,100.8,88.0,1.72
76,Makubetsu,75,JP,1570758456,87,42.84,143.34,53.6,5.82
77,Kodinsk,0,RU,1570758456,51,58.6,99.18,27.61,1.67
78,Paamiut,96,GL,1570758456,55,61.99,-49.67,36.91,5.04
79,Victoria,75,BN,1570758456,74,5.28,115.24,84.2,3.36
80,Padang,100,ID,1570758456,69,-0.92,100.36,78.96,2.87
81,Vaini,75,IN,1570758456,100,15.34,74.49,71.6,1.72
82,Waipawa,100,NZ,1570758456,84,-39.94,176.59,59.0,3.0
83,Victor Harbor,20,AU,1570758457,42,-35.55,138.62,69.01,13.87
84,Kodiak,90,US,1570758457,87,39.95,-94.76,44.6,14.99
85,Teya,40,MX,1570758457,94,21.05,-89.07,81.0,4.7
86,Port Alfred,2,ZA,1570758457,84,-33.59,26.89,54.0,3.0
87,Hasaki,75,JP,1570758457,94,35.73,140.83,72.0,11.41
88,Pacifica,1,US,1570758457,20,37.61,-122.49,77.0,12.75
89,Sao Felix do Xingu,51,BR,1570758457,80,-6.64,-51.99,73.65,1.68
90,San Juan,5,AR,1570758457,18,-31.54,-68.53,75.38,9.26
91,Atuona,0,PF,1570758458,69,-9.8,-139.03,79.0,8.84
92,Gorontalo,93,ID,1570758458,63,0.54,123.06,85.03,8.05
93,Mahebourg,40,MU,1570758458,77,-20.41,57.7,73.0,11.41
94,Abu Dhabi,0,AE,1570758458,51,24.47,54.37,84.2,5.82
95,Saint-Joseph,0,FR,1570758458,87,43.56,6.97,60.8,3.36
96,Cherskiy,100,RU,1570758458,80,68.75,161.3,21.58,8.04
97,Yar-Sale,64,RU,1570758458,85,66.83,70.83,32.92,13.2
98,Karatau,70,KZ,1570758459,58,43.18,70.46,52.0,13.7
99,New Norfolk,40,AU,1570758459,62,-42.78,147.06,57.99,4.7
100,Karachi,0,PK,1570758459,83,24.87,67.03,78.8,5.82
101,Accra,40,GH,1570758459,88,5.56,-0.21,78.8,11.41
102,San Patricio,0,PY,1570758459,57,-26.98,-56.83,72.36,6.7
103,Tiksi,100,RU,1570758459,90,71.64,128.87,18.41,3.69
104,Severo-Kurilsk,51,RU,1570758460,54,50.68,156.12,55.04,4.74
105,Upernavik,100,GL,1570758460,49,72.79,-56.15,28.0,7.94
106,Avarua,14,CK,1570758460,60,-21.21,-159.78,73.4,11.41
107,Carndonagh,41,IE,1570758460,91,55.25,-7.27,47.68,8.02
108,Flinders,75,AU,1570758460,72,-34.58,150.85,64.99,11.41
109,Caravelas,11,BR,1570758460,94,-17.73,-39.27,69.67,5.11
110,Kachiry,100,KZ,1570758460,47,53.07,76.1,54.32,11.1
111,Thompson,75,CA,1570758460,79,55.74,-97.86,24.8,2.24
112,Kangaatsiaq,100,GL,1570758461,64,68.31,-53.46,33.28,18.76
113,Hami,18,CN,1570758461,18,42.84,93.51,66.13,5.25
114,Hobart,40,AU,1570758461,62,-42.88,147.33,57.99,4.7
115,Kununurra,100,AU,1570758461,4,-15.77,128.74,96.8,13.87
116,Hithadhoo,100,MV,1570758461,79,-0.6,73.08,82.08,12.67
117,Rawson,33,AR,1570758461,80,-43.3,-65.11,47.43,17.9
118,Soderhamn,100,SE,1570758461,98,61.3,17.06,44.01,6.07
119,Olinda,40,AU,1570758461,58,-37.84,145.39,68.0,4.7
120,Richards Bay,95,ZA,1570758461,68,-28.77,32.06,66.38,9.36
121,Lebu,75,ET,1570758462,87,8.96,38.73,53.6,2.24
122,Jumla,11,NP,1570758462,64,29.28,82.18,52.7,2.36
123,Matamoros,1,US,1570758462,74,25.87,-97.51,84.99,10.29
124,Ust-Kulom,99,RU,1570758462,97,61.69,53.69,33.19,5.84
125,Alice Springs,0,AU,1570758462,9,-23.7,133.88,84.2,5.82
126,Kavieng,14,PG,1570758462,71,-2.57,150.8,85.51,13.11
127,Avera,40,US,1570758462,56,33.19,-82.53,69.8,4.7
128,Dolores,67,UY,1570758462,92,-33.53,-58.22,67.62,10.44
129,Sur,0,OM,1570758462,53,22.57,59.53,81.82,6.24
130,Biak,80,ID,1570758463,78,-0.91,122.88,80.64,14.66
131,Xiuyan,28,CN,1570758463,47,40.29,123.27,65.3,6.9
132,Van,20,TR,1570758463,49,38.51,43.37,42.8,1.7
133,Ratnapura,100,IN,1570758463,78,17.9,77.63,75.92,6.26
134,Qaanaaq,100,GL,1570758463,62,77.48,-69.36,24.66,5.28
135,Prainha,25,BR,1570758463,72,-1.8,-53.48,79.16,2.87
136,Ternate,75,PH,1570758464,74,14.29,120.72,87.01,3.36
137,Hilo,1,US,1570758464,74,19.71,-155.08,84.2,9.17
138,Faya,43,SA,1570758464,41,18.39,42.45,62.6,5.37
139,Chase,90,US,1570758464,64,38.35,-98.35,39.99,28.86
140,Port Elizabeth,1,US,1570758464,42,39.31,-74.98,64.99,6.93
141,Newport,100,GB,1570758464,93,51.59,-3.0,60.01,13.87
142,Hutang,0,CN,1570758464,57,29.22,119.85,86.14,2.38
143,Ilulissat,100,GL,1570758465,45,69.22,-51.1,26.6,17.22
144,Georgetown,75,GY,1570758465,94,6.8,-58.16,77.0,6.93
145,Skibbereen,75,IE,1570758465,100,51.55,-9.27,53.6,16.11
146,Moranbah,33,AU,1570758465,32,-22.0,148.04,83.53,1.68
147,Omboue,100,GA,1570758465,97,-1.57,9.26,73.35,4.29
148,Sisimiut,100,GL,1570758465,76,66.94,-53.67,30.52,10.75
149,Natal,40,BR,1570758465,83,-5.81,-35.21,78.8,9.17
150,Coolum Beach,46,AU,1570758465,65,-26.53,153.09,71.01,5.99
151,Kahului,40,US,1570758465,49,20.89,-156.47,91.4,14.99
152,Jardim,41,BR,1570758466,54,-21.48,-56.15,79.74,4.69
153,Ketchikan,90,US,1570758466,81,55.34,-131.65,51.8,18.34
154,Brae,98,GB,1570758466,87,60.4,-1.35,50.0,2.24
155,Troitsko-Pechorsk,100,RU,1570758466,97,62.71,56.19,34.84,7.42
156,Torbay,5,CA,1570758466,86,47.66,-52.73,42.01,3.36
157,Cabo San Lucas,5,MX,1570758466,33,22.89,-109.91,89.6,6.93
158,Cidreira,0,BR,1570758466,86,-30.17,-50.22,68.67,18.07
159,Bismil,0,TR,1570758466,41,37.85,40.66,64.4,2.24
160,Port Hardy,75,CA,1570758467,76,50.7,-127.42,48.2,2.24
161,Khatanga,89,RU,1570758467,73,71.98,102.47,17.17,8.25
162,Thunder Bay,75,CA,1570758467,87,48.41,-89.26,54.0,10.29
163,Soissons,90,FR,1570758467,82,49.38,3.32,55.4,9.17
164,Saldanha,0,PT,1570758467,54,41.42,-6.55,56.5,2.75
165,Ust-Omchug,100,RU,1570758467,93,61.13,149.63,25.77,7.2
166,Preobrazheniye,55,RU,1570758467,59,42.9,133.91,65.32,2.27
167,Kaitangata,100,NZ,1570758467,83,-46.28,169.85,45.0,27.0
168,Dingle,1,PH,1570758467,71,11.0,122.67,84.15,4.93
169,Geraldton,75,CA,1570758468,87,49.72,-86.95,48.2,2.24
170,Darhan,66,MN,1570758468,39,49.49,105.92,27.54,5.07
171,Thinadhoo,100,MV,1570758468,77,0.53,72.93,81.52,9.41
172,Stantsionno-Oyashinskiy,3,RU,1570758468,49,55.47,83.82,33.67,12.08
173,Kabinda,100,CD,1570758468,94,-6.14,24.49,67.03,2.43
174,Kruisfontein,54,ZA,1570758468,83,-34.0,24.73,49.21,6.56
175,Tuktoyaktuk,75,CA,1570758468,91,69.44,-133.03,32.0,3.36
176,Ust-Tsilma,97,RU,1570758468,93,65.44,52.15,34.59,8.73
177,Samdrup Jongkhar,0,IN,1570758469,65,26.8,91.5,69.44,3.06
178,Pajapan,100,MX,1570758469,76,18.26,-94.69,84.0,6.36
179,High Level,40,CA,1570758469,55,58.52,-117.13,37.4,4.7
180,Luanda,75,AO,1570758469,78,-8.83,13.24,77.0,10.29
181,Camacha,40,PT,1570758469,68,33.08,-16.33,69.8,5.82
182,Luderitz,0,NA,1570758469,82,-26.65,15.16,55.4,6.93
183,Emerald,75,AU,1570758469,54,-23.53,148.16,81.0,8.05
184,Port Lincoln,0,AU,1570758469,64,-34.72,135.86,60.94,14.33
185,Carnarvon,0,ZA,1570758470,38,-30.97,22.13,47.53,7.79
186,Winchester,100,GB,1570758470,82,51.06,-1.31,61.0,20.8
187,Carahue,100,CL,1570758470,93,-38.71,-73.16,46.4,2.24
188,San Felipe,100,CL,1570758470,36,-32.75,-70.73,66.99,3.64
189,Auki,98,NG,1570758470,88,12.18,6.51,73.42,4.58
190,Bathsheba,40,BB,1570758470,74,13.22,-59.52,82.4,10.29
191,Yelizovo,0,RU,1570758470,47,53.19,158.38,57.2,8.95
192,Bereda,90,ES,1570758470,100,43.27,-7.54,57.2,2.24
193,Ixtapa,90,MX,1570758471,94,20.71,-105.21,79.0,5.82
194,Viedma,7,AR,1570758471,64,-40.81,-62.99,54.99,6.3
195,Mabaruma,61,GY,1570758471,98,8.2,-59.78,70.61,2.18
196,Koumac,32,NC,1570758471,54,-20.56,164.28,76.87,5.1
197,Bukachacha,0,RU,1570758471,28,52.99,116.91,23.58,7.27
198,Iquique,90,CL,1570758471,72,-20.22,-70.14,62.6,4.7
199,Nanortalik,0,GL,1570758471,76,60.14,-45.24,39.13,2.28
200,Sola,81,TZ,1570758471,68,-3.17,33.8,68.56,7.39
201,Basoko,100,CD,1570758472,99,1.23,23.61,69.48,1.8
202,Clarksburg,1,US,1570758472,87,39.24,-77.28,66.99,5.91
203,Maniitsoq,100,GL,1570758472,67,65.42,-52.9,34.61,13.55
204,Pisco,90,PE,1570758472,77,-13.71,-76.2,60.8,5.82
205,Batagay-Alyta,100,RU,1570758472,80,67.8,130.41,14.54,6.07
206,Iqaluit,75,CA,1570758472,77,63.75,-68.52,37.4,11.41
207,Winslow,75,GB,1570758472,93,51.94,-0.88,61.0,17.22
208,Gizo,20,IL,1570758473,83,31.8,34.94,73.0,2.24
209,Vestmannaeyjar,100,IS,1570758473,60,63.44,-20.27,46.02,5.19
210,East London,0,ZA,1570758473,75,-33.02,27.91,59.67,14.49
211,Namibe,62,AO,1570758473,86,-15.19,12.15,68.11,8.84
212,Husavik,100,CA,1570758473,99,50.56,-96.99,33.01,8.01
213,Moron,13,HT,1570758473,77,18.56,-74.26,79.79,4.16
214,Kandava,93,LV,1570758473,93,57.04,22.77,46.9,8.81
215,Derbent,25,RU,1570758474,84,42.06,48.29,65.48,16.87
216,Baykit,0,RU,1570758474,53,61.68,96.39,25.54,1.27
217,East Wenatchee Bench,1,US,1570758474,34,47.43,-120.28,51.8,8.05
218,Anadyr,0,RU,1570758474,74,64.73,177.51,28.4,6.71
219,Karasjok,85,NO,1570758474,95,69.47,25.52,32.0,11.41
220,Senanga,97,ZM,1570758474,69,-16.1,23.3,68.83,2.24
221,Nishihara,75,JP,1570758474,88,35.74,139.53,72.0,12.75
222,Izumo,40,JP,1570758474,64,35.37,132.75,73.4,5.82
223,Morondava,0,MG,1570758475,60,-20.3,44.28,73.98,1.68
224,Pangnirtung,100,CA,1570758475,94,66.15,-65.72,30.92,13.36
225,Ribeira Grande,15,PT,1570758475,86,38.52,-28.7,65.25,15.12
226,Bodden Town,40,KY,1570758475,79,19.28,-81.25,84.2,5.82
227,Luena,100,AO,1570758475,84,-11.78,19.91,62.38,3.0
228,Medea,0,DZ,1570758475,93,36.27,2.77,57.2,3.65
229,Belmonte,0,PT,1570758475,69,40.36,-7.35,55.0,2.68
230,Sovetskoye,100,RU,1570758475,81,51.44,46.74,48.0,5.99
231,Juba,75,EE,1570758476,93,57.82,26.93,46.4,5.82
232,Lompoc,1,US,1570758476,72,34.64,-120.46,69.8,6.93
233,La Paz,5,MX,1570758476,28,24.15,-110.32,93.2,6.93
234,Shiraz,20,IR,1570758476,26,29.61,52.54,59.0,1.9
235,Poum,51,MK,1570758476,89,41.28,20.71,51.57,2.47
236,Zhigansk,90,RU,1570758476,88,66.77,123.37,20.25,24.7
237,Vao,87,EE,1570758476,97,59.1,26.19,43.36,6.33
238,Nouakchott,67,MR,1570758476,78,18.08,-15.98,82.4,5.82
239,Tessalit,0,ML,1570758476,37,20.2,1.01,84.49,13.42
240,Ahome,5,MX,1570758477,70,25.92,-109.18,86.0,12.75
241,Xuddur,31,SO,1570758477,87,4.12,43.89,72.27,8.16
242,Majene,59,ID,1570758477,57,-3.54,118.97,86.88,7.89
243,Dawei,70,MM,1570758477,78,14.07,98.19,81.05,5.41
244,Kenora,100,CA,1570758477,93,49.76,-94.48,39.2,19.46
245,Aswan,100,EG,1570758477,24,24.09,32.9,86.23,5.93
246,Lagoa,0,PT,1570758477,73,37.14,-8.45,70.0,9.17
247,Talara,2,PE,1570758478,87,-4.58,-81.27,63.01,17.79
248,Laguna,75,BZ,1570758478,88,16.17,-88.94,80.6,1.28
249,Teeli,19,RU,1570758478,68,51.01,90.2,37.87,4.78
250,Geilo,38,NO,1570758478,90,60.53,8.21,32.0,17.0
251,Tromso,20,NO,1570758478,100,69.65,18.96,28.4,5.82
252,Kamenka,100,MD,1570758478,91,48.03,28.7,48.99,6.37
253,Nuuk,75,GL,1570758478,74,64.17,-51.74,33.8,8.05
254,Moose Factory,1,CA,1570758478,54,51.26,-80.61,53.6,8.05
255,Braintree,75,GB,1570758479,87,51.88,0.55,62.01,19.46
256,Krasnyye Barrikady,45,RU,1570758479,71,46.2,47.86,52.65,8.36
257,Isoka,100,ZM,1570758479,75,-10.15,32.64,64.06,2.52
258,Awbari,0,LY,1570758479,44,26.59,12.77,65.95,5.64
259,Aksarka,0,RU,1570758479,90,66.56,67.8,31.95,12.88
260,Aginskoye,0,RU,1570758479,29,51.11,114.54,26.22,12.33
261,Norman Wells,75,CA,1570758480,69,65.28,-126.83,39.2,6.93
262,Motala,0,IN,1570758480,69,20.68,76.21,77.04,3.32
263,Umm Kaddadah,3,SD,1570758480,48,13.6,26.69,82.94,4.83
264,Aanekoski,90,FI,1570758480,93,62.6,25.73,42.8,4.7
265,George Town,75,MY,1570758480,74,5.42,100.33,82.4,5.82
266,Naze,40,NG,1570758480,94,5.43,7.07,78.8,3.62
267,Vardo,1,US,1570758480,87,39.62,-77.74,61.0,8.68
268,Anchorage,90,US,1570758481,100,61.22,-149.89,43.0,4.7
269,Lebanon,1,US,1570758481,67,40.34,-76.42,62.6,6.32
270,Leningradskiy,0,RU,1570758481,61,69.38,178.42,22.64,5.11
271,San Cristobal,100,HN,1570758481,96,14.68,-86.92,66.43,1.65
272,Maldonado,90,UY,1570758481,68,-34.91,-54.96,71.6,11.41
273,Ulundi,84,ZA,1570758481,92,-28.29,31.43,52.29,3.01
274,Goderich,0,CA,1570758481,72,43.74,-81.71,53.01,15.01
275,Llangefni,100,GB,1570758482,87,53.26,-4.31,59.0,21.92
276,Beyneu,0,KZ,1570758482,46,45.32,55.19,47.59,11.12
277,Znamenka,100,RU,1570758482,89,52.41,41.44,45.72,9.97
278,Ugoofaaru,9,MV,1570758482,70,5.67,73.0,83.37,5.54
279,Kinkala,20,CG,1570758482,83,-4.35,14.75,73.4,5.82
280,Saskylakh,98,RU,1570758482,93,71.97,114.09,15.64,14.2
281,Souillac,0,FR,1570758483,93,45.6,-0.6,54.0,2.24
282,Santa Maria del Oro,35,MX,1570758483,57,25.95,-105.37,69.24,3.39
283,Miraflores,0,PE,1570758483,13,-16.39,-71.52,55.4,3.36
284,Gat,86,SN,1570758483,88,14.69,-16.54,78.8,8.05
285,Mahibadhoo,97,MV,1570758483,65,3.78,72.97,83.12,2.34
286,Tanete,45,ID,1570758483,30,-3.94,119.78,94.86,10.02
287,Makakilo City,75,US,1570758483,62,21.35,-158.09,88.0,4.7
288,Klaksvik,100,FO,1570758483,93,62.23,-6.59,48.2,3.36
289,Provideniya,40,RU,1570758484,64,64.42,-173.23,35.6,4.47
290,Mykhaylivka,90,UA,1570758484,93,47.27,35.22,57.2,6.71
291,Katsuura,75,JP,1570758484,73,33.93,134.5,82.0,12.75
292,Ponta Delgada,40,PT,1570758484,72,37.73,-25.67,70.0,8.05
293,Cameron Park,1,US,1570758484,14,38.68,-120.99,75.2,3.36
294,Fenoarivo Atsinanana,84,MG,1570758484,85,-17.38,49.41,73.27,5.98
295,Anloga,40,GH,1570758484,88,5.79,0.9,78.8,10.29
296,Dunedin,100,NZ,1570758484,97,-45.87,170.5,46.99,19.06
297,Queenstown,0,ZA,1570758485,90,-31.89,26.88,41.07,3.15
298,Grand Gaube,40,MU,1570758485,77,-20.01,57.66,73.0,11.41
299,Puerto Ayora,3,EC,1570758485,90,-0.74,-90.35,66.0,10.21
300,Ouegoa,32,NC,1570758485,54,-20.34,164.44,76.87,5.1
301,San Policarpo,33,PH,1570758485,68,12.18,125.51,84.9,9.45
302,Sao Joao da Barra,94,BR,1570758485,86,-21.64,-41.05,73.31,14.0
303,Esperance,98,AU,1570758485,68,-33.86,121.89,66.2,6.93
304,Miyako,20,JP,1570758485,64,33.63,130.94,86.0,4.7
305,Rincon,75,PA,1570758486,100,8.46,-82.28,73.4,3.36
306,Sinnamary,0,GF,1570758486,80,5.38,-52.96,81.21,18.01
307,Saint Anthony,1,US,1570758486,36,43.97,-111.68,32.0,4.7
308,Bonthe,96,SL,1570758486,90,7.53,-12.5,77.83,6.62
309,Comodoro Rivadavia,0,AR,1570758486,80,-45.87,-67.48,41.0,4.41
310,Kawalu,91,ID,1570758486,63,-7.38,108.21,79.95,5.44
311,Yanacancha,49,PE,1570758486,89,-10.53,-76.18,34.77,3.9
312,Khandbari,0,NP,1570758486,66,27.38,87.21,57.88,4.1
313,Nome,1,US,1570758487,78,30.04,-94.42,82.0,3.36
314,Yashkul,100,RU,1570758487,88,46.17,45.34,59.09,13.58
315,Tamale,100,GH,1570758487,95,9.4,-0.84,73.49,4.75
316,Abnub,19,EG,1570758487,77,27.27,31.15,65.77,9.63
317,Ilhabela,94,BR,1570758487,88,-23.78,-45.36,71.01,8.65
318,Alvaraes,64,BR,1570758487,97,-3.22,-64.8,72.68,1.63
319,Rio Gallegos,0,AR,1570758487,50,-51.62,-69.22,33.8,23.04
320,Enshi,100,CN,1570758487,95,30.29,109.48,59.4,3.23
321,Mount Gambier,90,AU,1570758487,67,-37.83,140.78,57.2,11.41
322,Tupiza,94,BO,1570758488,52,-21.44,-65.72,52.03,2.79
323,Bonavista,0,CA,1570758488,87,48.65,-53.11,37.99,3.0
324,Portland,40,US,1570758488,50,43.66,-70.25,55.99,6.93
325,Muli,100,CN,1570758488,81,28.08,109.56,62.22,5.82
326,Chokurdakh,100,RU,1570758488,93,70.62,147.9,14.16,5.7
327,Carutapera,85,BR,1570758488,79,-1.2,-46.02,80.24,19.14
328,San Fernando,20,TT,1570758488,88,10.28,-61.46,75.2,8.82
329,Touros,40,BR,1570758489,83,-5.2,-35.46,77.0,5.82
330,Havoysund,75,NO,1570758489,93,71.0,24.66,35.6,6.29
331,Khorramshahr,100,IR,1570758489,57,30.43,48.18,75.2,2.24
332,Alofi,75,NU,1570758489,65,-19.06,-169.92,82.4,13.87
333,Aplahoue,75,BJ,1570758489,98,6.93,1.68,72.91,3.3
334,Santiago del Estero,80,AR,1570758489,30,-27.8,-64.26,84.47,12.29
335,Zyryanka,99,RU,1570758489,72,65.73,150.89,22.23,1.66
336,Mogadishu,28,SO,1570758489,84,2.04,45.34,80.17,6.42
337,Gazojak,0,TM,1570758490,57,41.19,61.4,50.14,11.78
338,Gold Coast,90,AU,1570758490,72,-28.0,153.41,73.99,8.05
339,Saint-Augustin,20,CA,1570758490,61,45.63,-73.98,57.2,3.36
340,Sri Aman,75,MY,1570758490,88,1.24,111.46,78.8,0.14
341,Fortuna,1,US,1570758490,39,40.6,-124.16,62.6,8.05
342,Xining,100,CN,1570758490,85,36.62,101.77,40.46,2.79
343,Firozpur Jhirka,0,IN,1570758490,48,27.79,76.95,77.92,2.82
344,Yulara,79,AU,1570758491,6,-25.24,130.99,87.8,6.93
345,Mandawar,0,IN,1570758491,62,29.49,78.13,74.75,2.53
346,Taree,75,AU,1570758491,55,-31.91,152.46,71.01,11.41
347,Maurawan,40,IN,1570758491,94,26.43,80.88,73.4,4.13
348,Obo,100,CF,1570758491,98,5.39,26.49,67.75,1.75
349,Atar,32,MR,1570758491,27,20.52,-13.05,80.89,10.93
350,Port Augusta,0,AU,1570758491,45,-32.49,137.76,73.0,10.29
351,Barabinsk,100,RU,1570758492,69,55.35,78.35,39.74,11.91
352,Praia,75,BR,1570758492,60,-20.25,-43.81,71.6,3.71
353,Tabas,0,IR,1570758492,28,33.6,56.92,69.8,4.7
354,Launceston,90,AU,1570758492,57,-41.43,147.14,57.99,17.22
355,Algiers,40,US,1570758492,74,29.94,-90.04,81.0,6.93
356,Goma,100,CD,1570758492,95,-1.67,29.23,55.33,1.02
357,Fallon,90,US,1570758492,68,46.84,-105.12,28.0,16.11
358,Zeya,100,RU,1570758492,43,53.74,127.27,29.97,14.65
359,Nacaome,40,HN,1570758493,77,13.53,-87.49,68.0,2.38
360,Komsomolskiy,99,RU,1570758493,93,67.55,63.78,29.43,13.91
361,Kaihua,2,CN,1570758493,56,29.14,118.41,87.06,1.71
362,Puerto Suarez,0,BO,1570758493,51,-18.96,-57.8,80.33,4.71
363,Santa Isabel do Rio Negro,54,BR,1570758493,94,-0.41,-65.02,73.54,0.98
364,Tilichiki,100,RU,1570758493,84,60.47,166.1,31.1,9.19
365,Marawi,100,PH,1570758493,76,8.0,124.29,84.0,5.01
366,Luwuk,80,ID,1570758493,78,-0.95,122.79,80.64,14.66
367,Sonari,75,IN,1570758494,94,27.03,95.02,73.4,2.82
368,Isangel,40,VU,1570758494,65,-19.55,169.27,80.6,9.17
369,Evensk,98,RU,1570758494,72,61.92,159.24,34.86,2.68
370,Muros,90,ES,1570758494,100,42.77,-9.06,59.0,2.24
371,Xinzhou,42,CN,1570758494,44,38.41,112.73,60.87,4.95
372,Ahtopol,100,BG,1570758494,77,42.1,27.94,66.0,5.82
373,Port Hawkesbury,1,CA,1570758494,93,45.62,-61.36,52.0,8.05
374,Invermere,1,CA,1570758494,73,50.51,-116.03,28.0,1.01
375,Cayenne,100,GF,1570758495,88,4.94,-52.33,77.0,3.36
376,Ardmore,90,US,1570758495,88,34.99,-86.85,72.0,6.56
377,Tinskoy,0,RU,1570758495,41,56.15,96.92,28.87,8.78
378,Tuatapere,100,NZ,1570758495,88,-46.13,167.69,45.0,11.01
379,Acari,0,BR,1570758495,80,-6.44,-36.64,69.93,19.67
380,Eureka,1,US,1570758495,39,40.8,-124.16,62.6,8.05
381,Sergiyevsk,100,RU,1570758495,86,53.94,51.16,44.42,19.15
382,Ponta do Sol,100,BR,1570758495,96,-20.63,-46.0,64.92,3.52
383,Mayo,90,CA,1570758496,56,63.59,-135.9,41.0,12.75
384,Redmond,1,US,1570758496,61,47.67,-122.12,53.01,4.7
385,Stokmarknes,73,NO,1570758496,77,68.56,14.91,37.0,5.99
386,Pankovka,21,RU,1570758496,97,58.5,31.2,39.18,3.97
387,Bubaque,0,GW,1570758496,78,11.28,-15.83,82.04,7.05
388,Port Hedland,0,AU,1570758496,10,-20.31,118.58,102.2,10.29
389,Nizwa,0,OM,1570758496,51,22.93,57.53,75.79,0.63
390,Am Timan,0,TD,1570758497,82,11.04,20.28,73.18,1.91
391,Mehamn,98,NO,1570758497,87,71.03,27.85,35.74,6.88
392,Moerai,69,PF,1570758497,76,-22.43,-151.33,67.37,17.89
393,Bay City,1,US,1570758497,77,43.59,-83.89,62.6,10.7
394,Maloyaroslavets,97,RU,1570758497,91,55.01,36.47,44.67,7.77
395,Ahipara,15,NZ,1570758497,100,-35.17,173.16,71.01,9.15
396,Eyl,33,SO,1570758497,83,7.98,49.82,80.02,5.16
397,Miles City,90,US,1570758497,73,46.41,-105.84,24.8,5.82
398,Pervomayskiy,100,RU,1570758497,92,53.24,40.29,47.14,9.4
399,Asekeyevo,100,RU,1570758498,89,53.57,52.8,42.69,12.22
400,Talnakh,93,RU,1570758498,62,69.49,88.39,18.88,14.83
401,Solginskiy,100,RU,1570758498,98,61.05,41.34,37.13,4.05
402,Saquena,77,PE,1570758498,97,-4.67,-73.52,72.54,2.51
403,Margate,40,AU,1570758498,62,-43.03,147.26,57.99,12.75
404,Lae,23,PG,1570758498,60,-6.72,146.98,79.86,5.21
405,Copiapo,17,CL,1570758498,76,-27.37,-70.33,57.2,3.36
406,Nantucket,90,US,1570758499,93,41.28,-70.1,55.99,27.51
407,Ocos,75,GT,1570758499,100,14.51,-92.19,75.2,2.24
408,Coquimbo,100,CL,1570758499,87,-29.95,-71.34,53.6,4.7
409,Verkhoyansk,96,RU,1570758499,76,67.55,133.39,12.83,3.31
410,Santa Maria,68,BR,1570758499,47,-16.02,-48.01,78.8,4.7
411,Kirakira,36,SB,1570758499,80,-10.46,161.92,81.55,6.78
412,Lasa,100,CY,1570758499,42,34.92,32.53,71.6,10.29
413,Meridian,1,US,1570758500,30,43.61,-116.39,50.0,1.33
414,Tonantins,64,BR,1570758500,95,-2.86,-67.77,72.23,1.11
415,Lucapa,100,AO,1570758500,94,-8.42,20.74,67.32,2.34
416,Paka,18,CF,1570758500,98,4.15,15.03,66.94,0.06
417,Milan,0,IT,1570758500,100,45.47,9.19,55.99,6.93
418,Porto Novo,20,BR,1570758500,82,-23.68,-45.44,66.2,8.05
419,Kalabo,61,ZM,1570758500,67,-15.0,22.67,69.4,3.54
420,Menzelinsk,100,RU,1570758500,85,55.73,53.11,43.5,17.47
421,Tortoli,5,IT,1570758501,22,39.93,9.66,66.2,10.29
422,Outjo,0,NA,1570758501,61,-20.11,16.16,59.88,3.95
423,Nerchinskiy Zavod,0,RU,1570758501,26,51.31,119.61,25.61,8.95
424,Cartagena,40,ES,1570758501,73,37.63,-1.0,73.4,9.17
425,Turukhansk,25,RU,1570758501,44,65.8,87.96,29.23,12.35
426,Pompeu,40,BR,1570758501,73,-21.05,-48.85,77.0,10.29
427,Menongue,80,AO,1570758501,83,-14.66,17.68,60.03,2.93
428,High Prairie,0,CA,1570758501,69,55.43,-116.48,29.98,3.83
429,Lakota,100,CI,1570758502,98,5.85,-5.68,72.09,3.73
430,Bogdanovich,0,RU,1570758502,87,56.77,62.05,32.77,3.1
431,Katherine,80,AU,1570758502,7,-14.47,132.26,93.2,8.05
432,Nador,90,MA,1570758502,83,35.17,-2.93,73.4,9.17
433,Shenjiamen,10,CN,1570758502,69,29.96,122.3,73.8,7.69
434,Palmer,20,AU,1570758502,42,-34.85,139.16,70.0,11.41
435,Verkhnevilyuysk,100,RU,1570758502,83,63.45,120.31,19.69,8.54
436,Taltal,13,CL,1570758502,91,-25.41,-70.49,50.67,2.18
437,Gananoque,5,CA,1570758503,58,44.33,-76.16,55.4,11.41
438,Josanicka Banja,40,RS,1570758503,100,43.39,20.75,51.8,2.24
439,Krasnovishersk,100,RU,1570758503,97,60.4,57.08,35.76,5.89
440,Kulhudhuffushi,2,MV,1570758503,73,6.62,73.07,82.98,6.57
441,Okhotsk,100,RU,1570758503,91,59.36,143.24,39.36,16.74
442,Wewak,100,PG,1570758503,64,-3.55,143.63,84.47,4.65
443,Sept-Iles,5,CA,1570758503,76,50.2,-66.38,39.0,2.24
444,Muisne,100,EC,1570758503,88,0.61,-80.02,74.26,9.51
445,Ahuimanu,40,US,1570758504,74,21.44,-157.84,88.0,8.05
446,North Bend,1,US,1570758504,59,43.41,-124.22,61.0,6.93
447,Banyo,100,CM,1570758504,97,6.75,11.81,65.39,0.46
448,Temizhbekskaya,19,RU,1570758504,78,45.45,40.85,53.96,5.67
449,Rio Grande,24,BR,1570758504,90,-32.03,-52.1,69.01,14.82
450,Biograd na Moru,20,HR,1570758504,93,43.94,15.45,63.0,4.7
451,Atambua,70,ID,1570758504,44,-9.11,124.89,86.67,4.1
452,West Milford,75,US,1570758504,41,41.13,-74.37,64.4,9.17
453,Kintinku,40,TZ,1570758505,93,-5.89,35.22,66.2,11.41
454,Aleksandro-Nevskiy,100,RU,1570758505,92,53.48,40.21,45.61,9.98
455,Inta,77,RU,1570758505,85,66.04,60.13,27.64,9.26
456,Espanola,2,CA,1570758505,86,46.27,-81.77,53.01,5.15
457,Aleksandrovskoye,0,RU,1570758505,61,56.74,85.39,28.99,12.03
458,Libertador General San Martin,19,AR,1570758505,44,-23.81,-64.79,71.28,3.8
459,Morro Bay,1,US,1570758505,77,35.37,-120.85,66.99,3.59
460,Constitucion,75,MX,1570758505,28,23.99,-104.67,73.4,6.66
461,Labuhan,100,ID,1570758506,55,-2.54,115.51,89.6,3.76
462,Lata,0,IN,1570758506,46,30.78,78.62,37.09,3.67
463,Liverpool,20,GB,1570758506,82,53.41,-2.98,59.0,18.34
464,Champerico,75,MX,1570758506,83,16.38,-93.6,75.2,0.63
465,Tra Vinh,0,VN,1570758506,56,9.93,106.35,88.36,5.11
466,Sabinas,27,MX,1570758506,49,27.85,-101.13,84.63,12.58
467,Beringovskiy,50,RU,1570758506,69,63.05,179.32,33.48,3.48
468,Saint-Martin-de-Crau,0,FR,1570758506,67,43.64,4.81,57.2,6.93
469,Keetmanshoop,0,NA,1570758507,15,-26.57,18.15,60.8,3.36
470,Charlottetown,75,CA,1570758507,100,46.23,-63.13,51.01,4.7
471,Murgab,0,TM,1570758507,58,37.5,61.97,57.2,6.93
472,Namatanai,86,PG,1570758507,66,-3.66,152.44,85.82,3.78
473,Puerto Carreno,98,CO,1570758507,85,6.19,-67.49,76.03,4.05
474,Minab,100,IR,1570758507,48,27.15,57.07,82.4,1.12
475,Reitz,65,ZA,1570758507,82,-27.8,28.43,46.06,10.31
476,Syracuse,20,US,1570758507,76,43.05,-76.15,54.0,3.36
477,Crabtree,40,CA,1570758508,71,45.96,-73.47,57.2,10.29
478,Guanica,1,PR,1570758508,88,17.97,-66.91,80.01,3.36
479,Jos,0,NG,1570758508,88,9.92,8.9,65.62,4.23
480,Sangolqui,20,EC,1570758508,87,-0.33,-78.45,57.2,5.82
481,Halifax,90,CA,1570758508,70,44.65,-63.58,50.0,8.05
482,Shakawe,100,BW,1570758508,56,-18.36,21.84,72.41,1.83
483,Hamilton,5,CA,1570758508,76,43.26,-79.87,57.99,9.17
484,Sao Gabriel da Cachoeira,0,BR,1570758508,89,-0.13,-67.09,73.42,1.8
485,Punta Gorda,1,US,1570758509,78,26.93,-82.05,80.6,10.29
486,Acapulco,75,MX,1570758509,74,16.86,-99.88,84.2,2.24
487,Rach Gia,40,VN,1570758509,94,10.02,105.08,84.2,3.36
488,Itoman,20,JP,1570758509,58,26.12,127.67,82.4,25.28
489,Kanniyakumari,100,IN,1570758509,79,8.08,77.57,79.32,5.67
490,Ati,34,TD,1570758509,56,13.21,18.34,83.26,6.28
491,Brigantine,90,US,1570758509,48,39.41,-74.36,64.0,6.93
492,San Carlos,100,NI,1570758509,1,11.12,-84.78,73.0,5.99
493,Ginir,95,ET,1570758510,91,7.14,40.71,58.1,2.63
494,Puerto Madryn,53,AR,1570758510,82,-42.77,-65.04,48.45,21.63
495,Sobolevo,100,RU,1570758510,98,54.43,31.9,43.0,6.26
496,Mao,20,DO,1570758510,74,19.55,-71.08,80.6,5.82
497,Cerritos,1,US,1570758510,7,33.86,-118.05,78.8,4.7
498,Maroantsetra,78,MG,1570758510,98,-15.43,49.74,65.55,1.69
499,Purpe,100,RU,1570758510,77,64.48,76.69,36.0,18.4
500,Lavrentiya,0,RU,1570758510,59,65.58,-170.99,32.52,6.68
501,Calvinia,0,ZA,1570758511,36,-31.47,19.78,46.87,4.22
502,Ambilobe,35,MG,1570758511,69,-13.19,49.05,75.67,10.23
503,Aripuana,100,BR,1570758511,88,-9.17,-60.63,72.46,2.29
504,Okato,0,NZ,1570758511,63,-39.19,173.88,62.01,7.0
505,Hovd,78,NO,1570758511,94,63.83,10.7,41.0,8.05
506,Soledad,100,US,1570758511,15,36.43,-121.33,71.6,11.41
507,Springbok,0,ZA,1570758511,14,-29.67,17.88,54.45,10.77
508,Verin,0,ES,1570758511,60,41.94,-7.44,52.0,1.01
509,Show Low,1,US,1570758512,15,34.25,-110.03,53.6,8.05
510,Bueno Brandao,100,BR,1570758512,89,-22.44,-46.35,64.2,5.44
511,Fomboni,0,KM,1570758512,79,-12.28,43.74,79.56,6.92
512,Kem,93,UG,1570758512,80,2.68,33.77,68.14,5.29
513,Salalah,40,OM,1570758512,65,17.01,54.1,77.0,3.36
514,Yatou,40,CM,1570758512,100,3.63,9.81,77.0,3.36
515,Hualmay,19,PE,1570758512,86,-11.1,-77.61,54.59,1.19
516,Longyearbyen,75,NO,1570758512,79,78.22,15.63,26.6,2.24
517,Praia da Vitoria,20,PT,1570758513,82,38.73,-27.07,66.2,19.28
518,Pokaran,0,IN,1570758513,26,26.93,71.92,85.44,9.74
519,Matagami,0,NG,1570758513,90,9.67,8.4,67.75,3.06
520,Bridgetown,95,AU,1570758513,88,-33.96,116.14,66.99,4.0
521,Medvezhyegorsk,79,RU,1570758513,97,62.92,34.47,28.04,3.66
522,Wageningen,90,NL,1570758513,76,51.98,5.66,57.2,18.34
523,Limon,1,US,1570758513,92,39.26,-103.69,25.0,13.87
524,Kargasok,100,RU,1570758513,53,59.06,80.87,31.93,18.3
525,Kuloy,100,RU,1570758514,95,61.03,42.49,36.5,4.78
526,Tiznit,100,MA,1570758514,36,29.7,-9.73,72.55,2.61
527,Los Llanos de Aridane,75,ES,1570758514,88,28.66,-17.92,69.8,4.7
528,Linjiang,75,CN,1570758514,58,41.81,126.91,57.13,4.14
529,Maceio,40,BR,1570758514,78,-9.67,-35.74,77.0,11.41
530,Marienburg,75,DE,1570758514,76,52.12,9.98,55.4,12.75
531,Ponferrada,0,ES,1570758514,96,42.55,-6.59,53.01,3.18
532,Doha,13,QA,1570758514,70,25.29,51.53,87.8,4.7
533,Nurota,0,UZ,1570758515,66,40.56,65.69,50.0,6.93
534,Juneau,90,US,1570758515,81,58.3,-134.42,48.2,16.11
535,Rome,0,IT,1570758515,87,41.89,12.48,63.0,3.36
536,Nahrin,65,AF,1570758515,31,36.06,69.13,60.94,2.97
537,Mansa,0,IN,1570758515,78,23.43,72.66,73.4,2.24
538,Chegdomyn,100,RU,1570758515,53,51.13,133.04,34.2,12.66
539,Karratha,0,AU,1570758515,47,-20.74,116.85,82.81,11.42
540,Uptar,100,RU,1570758515,81,59.75,150.92,39.97,28.84
541,Kendari,72,ID,1570758515,33,-3.99,122.52,94.24,2.18
542,Montevideo,90,US,1570758516,93,44.94,-95.72,37.4,13.87
543,Villa Bruzual,95,VE,1570758516,94,9.33,-69.12,72.66,1.42
544,Kuytun,0,RU,1570758516,42,54.34,101.51,25.86,5.21
545,Chapais,1,CA,1570758516,65,49.78,-74.86,46.4,4.7
546,San Esteban,100,HN,1570758516,98,15.21,-85.77,65.66,0.5
547,Namtsy,100,RU,1570758516,82,62.72,129.66,22.91,8.9
548,Barranca,0,PE,1570758516,87,-10.75,-77.76,59.36,6.06
549,Ruteng,62,ID,1570758516,31,-8.61,120.46,88.41,6.94
550,Alihe,0,CN,1570758517,20,50.57,123.73,31.19,10.72
551,Quesnel,20,CA,1570758517,65,52.98,-122.49,41.0,3.27
552,Machaneng,100,BW,1570758517,70,-23.19,27.49,60.64,14.1
553,Caconda,85,AO,1570758517,87,-13.73,15.06,61.97,2.09
554,Sorland,30,NO,1570758517,65,67.67,12.69,44.35,11.04
555,Opuwo,0,NA,1570758517,56,-18.06,13.84,57.63,2.19
556,Tocopilla,0,CL,1570758517,30,-22.09,-70.2,51.87,3.44
557,Lazaro Cardenas,40,MX,1570758518,31,28.39,-105.62,78.8,5.82
558,Vila Velha,20,BR,1570758518,74,-3.71,-38.6,80.6,11.41
559,Cap Malheureux,40,MU,1570758518,77,-19.98,57.61,73.0,11.41
560,Birjand,0,IR,1570758518,50,32.86,59.22,55.4,11.41
561,Kommunisticheskiy,0,RU,1570758518,80,61.68,64.48,31.17,4.53
562,Alugan,33,PH,1570758518,68,12.22,125.48,84.9,9.45
563,Albany,40,US,1570758446,50,42.65,-73.75,57.2,5.82
564,Nikolskoye,90,RU,1570758446,93,59.7,30.79,44.6,3.66
565,Bluff,25,AU,1570758446,34,-23.58,149.07,81.18,3.05
566,Tautira,20,PF,1570758446,61,-17.73,-149.15,82.4,8.05
567,Bethel,90,US,1570758446,100,60.79,-161.76,39.2,16.11
568,Belaya Gora,100,RU,1570758447,89,68.54,146.19,17.55,5.46
569,Busselton,95,AU,1570758447,54,-33.64,115.35,69.01,9.78
570,Arraial do Cabo,100,BR,1570758447,90,-22.97,-42.02,71.73,16.12
571,Sitka,0,US,1570758447,65,37.17,-99.65,37.0,27.0
572,Airai,43,TL,1570758447,27,-8.93,125.41,84.72,8.96
573,Fairbanks,90,US,1570758447,100,64.84,-147.72,37.99,3.36
574,Estevan,90,CA,1570758447,74,49.14,-102.99,30.2,8.05
575,Kapaa,1,US,1570758447,74,22.08,-159.32,89.6,3.36
576,Guerrero Negro,0,MX,1570758448,80,27.97,-114.04,66.33,10.31
577,Cabedelo,20,BR,1570758448,83,-6.97,-34.84,77.0,11.41
578,Hofn,100,IS,1570758448,90,64.25,-15.21,46.09,32.87
579,Rikitea,100,PF,1570758448,71,-23.12,-134.97,68.54,8.1
580,Bredasdorp,100,ZA,1570758448,87,-34.53,20.04,52.0,2.9
581,Seoul,1,KR,1570758448,77,37.57,126.98,66.2,5.82
582,Changde,97,CN,1570758448,59,29.04,111.68,73.33,8.95
583,Narsaq,77,GL,1570758448,64,60.91,-46.05,35.6,3.36
584,Butaritari,58,KI,1570758449,60,3.07,172.79,84.6,6.4
585,Dakar,0,SN,1570758449,88,14.69,-17.45,78.8,8.05
586,Yellowknife,20,CA,1570758449,84,62.45,-114.38,37.0,4.7
587,Buchanan,75,LR,1570758449,94,5.88,-10.05,77.0,3.52
588,Half Moon Bay,5,US,1570758449,19,37.46,-122.43,77.0,8.05
589,Ushuaia,90,AR,1570758449,79,-54.81,-68.31,26.6,21.92
590,Pacific Grove,1,US,1570758449,30,36.62,-121.92,73.4,6.93
591,Punta Arenas,20,CL,1570758449,59,-53.16,-70.91,33.8,18.34
592,Saint-Medard-en-Jalles,0,FR,1570758450,93,44.9,-0.72,54.0,3.36
593,Jamestown,0,AU,1570758450,25,-33.21,138.6,69.78,7.64
594,Port Blair,40,IN,1570758450,94,11.67,92.75,77.0,2.24
595,Clyde River,90,CA,1570758450,80,70.47,-68.59,33.8,11.41
596,Nanchang,0,CN,1570758450,56,28.68,115.89,83.07,11.1
597,Mulki,75,PL,1570758450,87,49.81,20.51,48.2,8.05
598,Pevek,20,RU,1570758450,74,69.7,170.27,21.38,16.3
599,Lillooet,1,CA,1570758450,76,50.69,-121.94,44.6,3.36
600,Starogard Gdanski,75,PL,1570758450,93,53.96,18.53,48.0,10.29
601,Mar del Plata,0,AR,1570758451,77,-46.43,-67.52,44.37,2.33
602,Karaton,40,ID,1570758451,74,-6.34,106.1,82.4,6.93
603,Sao Filipe,18,CV,1570758451,81,14.9,-24.5,78.42,4.27
604,Hermanus,100,ZA,1570758451,89,-34.42,19.24,53.01,1.99
605,Tasiilaq,0,GL,1570758451,80,65.61,-37.64,33.8,6.93
606,Nemuro,75,JP,1570758451,87,43.32,145.57,60.8,8.05
607,Henties Bay,0,NA,1570758451,93,-22.12,14.28,52.14,1.86
608,Lorengau,100,PG,1570758451,67,-2.02,147.27,84.79,8.61
609,Boddam,20,GB,1570758452,87,57.47,-1.78,50.0,5.82
610,Cawayan,40,PH,1570758452,79,9.81,123.54,84.2,6.93
611,Castro,90,CL,1570758452,100,-42.48,-73.76,50.0,9.17
612,Barentu,64,ER,1570758452,63,15.11,37.59,74.59,3.71
613,Colares,0,PT,1570758452,55,38.8,-9.45,64.99,3.36
614,Bilma,57,NE,1570758452,25,18.69,12.92,85.12,6.18
615,Ancud,90,CL,1570758452,100,-41.87,-73.83,50.0,9.17
616,Barrow,99,AR,1570758452,88,-38.31,-60.23,60.3,11.9
617,Bacolod,49,PH,1570758452,68,10.68,122.95,83.48,5.0
618,Port Macquarie,75,AU,1570758453,55,-31.43,152.91,68.0,11.41
619,Dikson,100,RU,1570758453,91,73.51,80.55,30.72,30.96
620,Jian,0,IN,1570758453,68,25.65,87.89,82.15,2.39
621,Muravlenko,100,RU,1570758453,94,63.79,74.5,39.69,2.27
622,Katobu,3,ID,1570758453,29,-4.94,122.53,94.73,3.34
623,Mataura,100,NZ,1570758453,88,-46.19,168.86,45.0,11.01
624,Faanui,100,PF,1570758453,76,-16.48,-151.75,76.66,16.86
625,Bambous Virieux,40,MU,1570758454,77,-20.34,57.76,73.0,11.41
626,Chuy,66,UY,1570758454,80,-33.69,-53.46,66.0,9.77
627,Bintulu,75,MY,1570758454,83,3.17,113.03,82.4,3.36
628,Saint George,20,GR,1570758454,93,39.45,22.34,62.6,1.37
629,Qaqortoq,0,GL,1570758454,64,60.72,-46.03,35.6,3.36
630,Iranshahr,0,IR,1570758454,22,27.21,60.69,79.16,2.66
631,Bayan,100,CN,1570758454,93,36.1,102.26,36.12,3.37
632,Okha,21,RU,1570758454,63,53.59,142.95,46.8,11.79
633,Coihaique,25,CL,1570758455,96,-45.58,-72.07,42.8,2.24
634,Saint-Philippe,1,CA,1570758455,62,45.36,-73.48,57.0,3.36
635,Haines Junction,100,CA,1570758455,97,60.75,-137.51,30.27,10.25
636,Bauchi,25,NG,1570758455,83,10.31,9.85,71.71,2.14
637,Cape Town,78,ZA,1570758455,87,-33.93,18.42,61.0,6.93
638,Phra Phutthabat,0,TH,1570758455,79,14.72,100.8,88.0,1.72
639,Makubetsu,75,JP,1570758456,87,42.84,143.34,53.6,5.82
640,Kodinsk,0,RU,1570758456,51,58.6,99.18,27.61,1.67
641,Paamiut,96,GL,1570758456,55,61.99,-49.67,36.91,5.04
642,Victoria,75,BN,1570758456,74,5.28,115.24,84.2,3.36
643,Padang,100,ID,1570758456,69,-0.92,100.36,78.96,2.87
644,Vaini,75,IN,1570758456,100,15.34,74.49,71.6,1.72
645,Waipawa,100,NZ,1570758456,84,-39.94,176.59,59.0,3.0
646,Victor Harbor,20,AU,1570758457,42,-35.55,138.62,69.01,13.87
647,Kodiak,90,US,1570758457,87,39.95,-94.76,44.6,14.99
648,Teya,40,MX,1570758457,94,21.05,-89.07,81.0,4.7
649,Port Alfred,2,ZA,1570758457,84,-33.59,26.89,54.0,3.0
650,Hasaki,75,JP,1570758457,94,35.73,140.83,72.0,11.41
651,Pacifica,1,US,1570758457,20,37.61,-122.49,77.0,12.75
652,Sao Felix do Xingu,51,BR,1570758457,80,-6.64,-51.99,73.65,1.68
653,San Juan,5,AR,1570758457,18,-31.54,-68.53,75.38,9.26
654,Atuona,0,PF,1570758458,69,-9.8,-139.03,79.0,8.84
655,Gorontalo,93,ID,1570758458,63,0.54,123.06,85.03,8.05
656,Mahebourg,40,MU,1570758458,77,-20.41,57.7,73.0,11.41
657,Abu Dhabi,0,AE,1570758458,51,24.47,54.37,84.2,5.82
658,Saint-Joseph,0,FR,1570758458,87,43.56,6.97,60.8,3.36
659,Cherskiy,100,RU,1570758458,80,68.75,161.3,21.58,8.04
660,Yar-Sale,64,RU,1570758458,85,66.83,70.83,32.92,13.2
661,Karatau,70,KZ,1570758459,58,43.18,70.46,52.0,13.7
662,New Norfolk,40,AU,1570758459,62,-42.78,147.06,57.99,4.7
663,Karachi,0,PK,1570758459,83,24.87,67.03,78.8,5.82
664,Accra,40,GH,1570758459,88,5.56,-0.21,78.8,11.41
665,San Patricio,0,PY,1570758459,57,-26.98,-56.83,72.36,6.7
666,Tiksi,100,RU,1570758459,90,71.64,128.87,18.41,3.69
667,Severo-Kurilsk,51,RU,1570758460,54,50.68,156.12,55.04,4.74
668,Upernavik,100,GL,1570758460,49,72.79,-56.15,28.0,7.94
669,Avarua,14,CK,1570758460,60,-21.21,-159.78,73.4,11.41
670,Carndonagh,41,IE,1570758460,91,55.25,-7.27,47.68,8.02
671,Flinders,75,AU,1570758460,72,-34.58,150.85,64.99,11.41
672,Caravelas,11,BR,1570758460,94,-17.73,-39.27,69.67,5.11
673,Kachiry,100,KZ,1570758460,47,53.07,76.1,54.32,11.1
674,Thompson,75,CA,1570758460,79,55.74,-97.86,24.8,2.24
675,Kangaatsiaq,100,GL,1570758461,64,68.31,-53.46,33.28,18.76
676,Hami,18,CN,1570758461,18,42.84,93.51,66.13,5.25
677,Hobart,40,AU,1570758461,62,-42.88,147.33,57.99,4.7
678,Kununurra,100,AU,1570758461,4,-15.77,128.74,96.8,13.87
679,Hithadhoo,100,MV,1570758461,79,-0.6,73.08,82.08,12.67
680,Rawson,33,AR,1570758461,80,-43.3,-65.11,47.43,17.9
681,Soderhamn,100,SE,1570758461,98,61.3,17.06,44.01,6.07
682,Olinda,40,AU,1570758461,58,-37.84,145.39,68.0,4.7
683,Richards Bay,95,ZA,1570758461,68,-28.77,32.06,66.38,9.36
684,Lebu,75,ET,1570758462,87,8.96,38.73,53.6,2.24
685,Jumla,11,NP,1570758462,64,29.28,82.18,52.7,2.36
686,Matamoros,1,US,1570758462,74,25.87,-97.51,84.99,10.29
687,Ust-Kulom,99,RU,1570758462,97,61.69,53.69,33.19,5.84
688,Alice Springs,0,AU,1570758462,9,-23.7,133.88,84.2,5.82
689,Kavieng,14,PG,1570758462,71,-2.57,150.8,85.51,13.11
690,Avera,40,US,1570758462,56,33.19,-82.53,69.8,4.7
691,Dolores,67,UY,1570758462,92,-33.53,-58.22,67.62,10.44
692,Sur,0,OM,1570758462,53,22.57,59.53,81.82,6.24
693,Biak,80,ID,1570758463,78,-0.91,122.88,80.64,14.66
694,Xiuyan,28,CN,1570758463,47,40.29,123.27,65.3,6.9
695,Van,20,TR,1570758463,49,38.51,43.37,42.8,1.7
696,Ratnapura,100,IN,1570758463,78,17.9,77.63,75.92,6.26
697,Qaanaaq,100,GL,1570758463,62,77.48,-69.36,24.66,5.28
698,Prainha,25,BR,1570758463,72,-1.8,-53.48,79.16,2.87
699,Ternate,75,PH,1570758464,74,14.29,120.72,87.01,3.36
700,Hilo,1,US,1570758464,74,19.71,-155.08,84.2,9.17
701,Faya,43,SA,1570758464,41,18.39,42.45,62.6,5.37
702,Chase,90,US,1570758464,64,38.35,-98.35,39.99,28.86
703,Port Elizabeth,1,US,1570758464,42,39.31,-74.98,64.99,6.93
704,Newport,100,GB,1570758464,93,51.59,-3.0,60.01,13.87
705,Hutang,0,CN,1570758464,57,29.22,119.85,86.14,2.38
706,Ilulissat,100,GL,1570758465,45,69.22,-51.1,26.6,17.22
707,Georgetown,75,GY,1570758465,94,6.8,-58.16,77.0,6.93
708,Skibbereen,75,IE,1570758465,100,51.55,-9.27,53.6,16.11
709,Moranbah,33,AU,1570758465,32,-22.0,148.04,83.53,1.68
710,Omboue,100,GA,1570758465,97,-1.57,9.26,73.35,4.29
711,Sisimiut,100,GL,1570758465,76,66.94,-53.67,30.52,10.75
712,Natal,40,BR,1570758465,83,-5.81,-35.21,78.8,9.17
713,Coolum Beach,46,AU,1570758465,65,-26.53,153.09,71.01,5.99
714,Kahului,40,US,1570758465,49,20.89,-156.47,91.4,14.99
715,Jardim,41,BR,1570758466,54,-21.48,-56.15,79.74,4.69
716,Ketchikan,90,US,1570758466,81,55.34,-131.65,51.8,18.34
717,Brae,98,GB,1570758466,87,60.4,-1.35,50.0,2.24
718,Troitsko-Pechorsk,100,RU,1570758466,97,62.71,56.19,34.84,7.42
719,Torbay,5,CA,1570758466,86,47.66,-52.73,42.01,3.36
720,Cabo San Lucas,5,MX,1570758466,33,22.89,-109.91,89.6,6.93
721,Cidreira,0,BR,1570758466,86,-30.17,-50.22,68.67,18.07
722,Bismil,0,TR,1570758466,41,37.85,40.66,64.4,2.24
723,Port Hardy,75,CA,1570758467,76,50.7,-127.42,48.2,2.24
724,Khatanga,89,RU,1570758467,73,71.98,102.47,17.17,8.25
725,Thunder Bay,75,CA,1570758467,87,48.41,-89.26,54.0,10.29
726,Soissons,90,FR,1570758467,82,49.38,3.32,55.4,9.17
727,Saldanha,0,PT,1570758467,54,41.42,-6.55,56.5,2.75
728,Ust-Omchug,100,RU,1570758467,93,61.13,149.63,25.77,7.2
729,Preobrazheniye,55,RU,1570758467,59,42.9,133.91,65.32,2.27
730,Kaitangata,100,NZ,1570758467,83,-46.28,169.85,45.0,27.0
731,Dingle,1,PH,1570758467,71,11.0,122.67,84.15,4.93
732,Geraldton,75,CA,1570758468,87,49.72,-86.95,48.2,2.24
733,Darhan,66,MN,1570758468,39,49.49,105.92,27.54,5.07
734,Thinadhoo,100,MV,1570758468,77,0.53,72.93,81.52,9.41
735,Stantsionno-Oyashinskiy,3,RU,1570758468,49,55.47,83.82,33.67,12.08
736,Kabinda,100,CD,1570758468,94,-6.14,24.49,67.03,2.43
737,Kruisfontein,54,ZA,1570758468,83,-34.0,24.73,49.21,6.56
738,Tuktoyaktuk,75,CA,1570758468,91,69.44,-133.03,32.0,3.36
739,Ust-Tsilma,97,RU,1570758468,93,65.44,52.15,34.59,8.73
740,Samdrup Jongkhar,0,IN,1570758469,65,26.8,91.5,69.44,3.06
741,Pajapan,100,MX,1570758469,76,18.26,-94.69,84.0,6.36
742,High Level,40,CA,1570758469,55,58.52,-117.13,37.4,4.7
743,Luanda,75,AO,1570758469,78,-8.83,13.24,77.0,10.29
744,Camacha,40,PT,1570758469,68,33.08,-16.33,69.8,5.82
745,Luderitz,0,NA,1570758469,82,-26.65,15.16,55.4,6.93
746,Emerald,75,AU,1570758469,54,-23.53,148.16,81.0,8.05
747,Port Lincoln,0,AU,1570758469,64,-34.72,135.86,60.94,14.33
748,Carnarvon,0,ZA,1570758470,38,-30.97,22.13,47.53,7.79
749,Winchester,100,GB,1570758470,82,51.06,-1.31,61.0,20.8
750,Carahue,100,CL,1570758470,93,-38.71,-73.16,46.4,2.24
751,San Felipe,100,CL,1570758470,36,-32.75,-70.73,66.99,3.64
752,Auki,98,NG,1570758470,88,12.18,6.51,73.42,4.58
753,Bathsheba,40,BB,1570758470,74,13.22,-59.52,82.4,10.29
754,Yelizovo,0,RU,1570758470,47,53.19,158.38,57.2,8.95
755,Bereda,90,ES,1570758470,100,43.27,-7.54,57.2,2.24
756,Ixtapa,90,MX,1570758471,94,20.71,-105.21,79.0,5.82
757,Viedma,7,AR,1570758471,64,-40.81,-62.99,54.99,6.3
758,Mabaruma,61,GY,1570758471,98,8.2,-59.78,70.61,2.18
759,Koumac,32,NC,1570758471,54,-20.56,164.28,76.87,5.1
760,Bukachacha,0,RU,1570758471,28,52.99,116.91,23.58,7.27
761,Iquique,90,CL,1570758471,72,-20.22,-70.14,62.6,4.7
762,Nanortalik,0,GL,1570758471,76,60.14,-45.24,39.13,2.28
763,Sola,81,TZ,1570758471,68,-3.17,33.8,68.56,7.39
764,Basoko,100,CD,1570758472,99,1.23,23.61,69.48,1.8
765,Clarksburg,1,US,1570758472,87,39.24,-77.28,66.99,5.91
766,Maniitsoq,100,GL,1570758472,67,65.42,-52.9,34.61,13.55
767,Pisco,90,PE,1570758472,77,-13.71,-76.2,60.8,5.82
768,Batagay-Alyta,100,RU,1570758472,80,67.8,130.41,14.54,6.07
769,Iqaluit,75,CA,1570758472,77,63.75,-68.52,37.4,11.41
770,Winslow,75,GB,1570758472,93,51.94,-0.88,61.0,17.22
771,Gizo,20,IL,1570758473,83,31.8,34.94,73.0,2.24
772,Vestmannaeyjar,100,IS,1570758473,60,63.44,-20.27,46.02,5.19
773,East London,0,ZA,1570758473,75,-33.02,27.91,59.67,14.49
774,Namibe,62,AO,1570758473,86,-15.19,12.15,68.11,8.84
775,Husavik,100,CA,1570758473,99,50.56,-96.99,33.01,8.01
776,Moron,13,HT,1570758473,77,18.56,-74.26,79.79,4.16
777,Kandava,93,LV,1570758473,93,57.04,22.77,46.9,8.81
778,Derbent,25,RU,1570758474,84,42.06,48.29,65.48,16.87
779,Baykit,0,RU,1570758474,53,61.68,96.39,25.54,1.27
780,East Wenatchee Bench,1,US,1570758474,34,47.43,-120.28,51.8,8.05
781,Anadyr,0,RU,1570758474,74,64.73,177.51,28.4,6.71
782,Karasjok,85,NO,1570758474,95,69.47,25.52,32.0,11.41
783,Senanga,97,ZM,1570758474,69,-16.1,23.3,68.83,2.24
784,Nishihara,75,JP,1570758474,88,35.74,139.53,72.0,12.75
785,Izumo,40,JP,1570758474,64,35.37,132.75,73.4,5.82
786,Morondava,0,MG,1570758475,60,-20.3,44.28,73.98,1.68
787,Pangnirtung,100,CA,1570758475,94,66.15,-65.72,30.92,13.36
788,Ribeira Grande,15,PT,1570758475,86,38.52,-28.7,65.25,15.12
789,Bodden Town,40,KY,1570758475,79,19.28,-81.25,84.2,5.82
790,Luena,100,AO,1570758475,84,-11.78,19.91,62.38,3.0
791,Medea,0,DZ,1570758475,93,36.27,2.77,57.2,3.65
792,Belmonte,0,PT,1570758475,69,40.36,-7.35,55.0,2.68
793,Sovetskoye,100,RU,1570758475,81,51.44,46.74,48.0,5.99
794,Juba,75,EE,1570758476,93,57.82,26.93,46.4,5.82
795,Lompoc,1,US,1570758476,72,34.64,-120.46,69.8,6.93
796,La Paz,5,MX,1570758476,28,24.15,-110.32,93.2,6.93
797,Shiraz,20,IR,1570758476,26,29.61,52.54,59.0,1.9
798,Poum,51,MK,1570758476,89,41.28,20.71,51.57,2.47
799,Zhigansk,90,RU,1570758476,88,66.77,123.37,20.25,24.7
800,Vao,87,EE,1570758476,97,59.1,26.19,43.36,6.33
801,Nouakchott,67,MR,1570758476,78,18.08,-15.98,82.4,5.82
802,Tessalit,0,ML,1570758476,37,20.2,1.01,84.49,13.42
803,Ahome,5,MX,1570758477,70,25.92,-109.18,86.0,12.75
804,Xuddur,31,SO,1570758477,87,4.12,43.89,72.27,8.16
805,Majene,59,ID,1570758477,57,-3.54,118.97,86.88,7.89
806,Dawei,70,MM,1570758477,78,14.07,98.19,81.05,5.41
807,Kenora,100,CA,1570758477,93,49.76,-94.48,39.2,19.46
808,Aswan,100,EG,1570758477,24,24.09,32.9,86.23,5.93
809,Lagoa,0,PT,1570758477,73,37.14,-8.45,70.0,9.17
810,Talara,2,PE,1570758478,87,-4.58,-81.27,63.01,17.79
811,Laguna,75,BZ,1570758478,88,16.17,-88.94,80.6,1.28
812,Teeli,19,RU,1570758478,68,51.01,90.2,37.87,4.78
813,Geilo,38,NO,1570758478,90,60.53,8.21,32.0,17.0
814,Tromso,20,NO,1570758478,100,69.65,18.96,28.4,5.82
815,Kamenka,100,MD,1570758478,91,48.03,28.7,48.99,6.37
816,Nuuk,75,GL,1570758478,74,64.17,-51.74,33.8,8.05
817,Moose Factory,1,CA,1570758478,54,51.26,-80.61,53.6,8.05
818,Braintree,75,GB,1570758479,87,51.88,0.55,62.01,19.46
819,Krasnyye Barrikady,45,RU,1570758479,71,46.2,47.86,52.65,8.36
820,Isoka,100,ZM,1570758479,75,-10.15,32.64,64.06,2.52
821,Awbari,0,LY,1570758479,44,26.59,12.77,65.95,5.64
822,Aksarka,0,RU,1570758479,90,66.56,67.8,31.95,12.88
823,Aginskoye,0,RU,1570758479,29,51.11,114.54,26.22,12.33
824,Norman Wells,75,CA,1570758480,69,65.28,-126.83,39.2,6.93
825,Motala,0,IN,1570758480,69,20.68,76.21,77.04,3.32
826,Umm Kaddadah,3,SD,1570758480,48,13.6,26.69,82.94,4.83
827,Aanekoski,90,FI,1570758480,93,62.6,25.73,42.8,4.7
828,George Town,75,MY,1570758480,74,5.42,100.33,82.4,5.82
829,Naze,40,NG,1570758480,94,5.43,7.07,78.8,3.62
830,Vardo,1,US,1570758480,87,39.62,-77.74,61.0,8.68
831,Anchorage,90,US,1570758481,100,61.22,-149.89,43.0,4.7
832,Lebanon,1,US,1570758481,67,40.34,-76.42,62.6,6.32
833,Leningradskiy,0,RU,1570758481,61,69.38,178.42,22.64,5.11
834,San Cristobal,100,HN,1570758481,96,14.68,-86.92,66.43,1.65
835,Maldonado,90,UY,1570758481,68,-34.91,-54.96,71.6,11.41
836,Ulundi,84,ZA,1570758481,92,-28.29,31.43,52.29,3.01
837,Goderich,0,CA,1570758481,72,43.74,-81.71,53.01,15.01
838,Llangefni,100,GB,1570758482,87,53.26,-4.31,59.0,21.92
839,Beyneu,0,KZ,1570758482,46,45.32,55.19,47.59,11.12
840,Znamenka,100,RU,1570758482,89,52.41,41.44,45.72,9.97
841,Ugoofaaru,9,MV,1570758482,70,5.67,73.0,83.37,5.54
842,Kinkala,20,CG,1570758482,83,-4.35,14.75,73.4,5.82
843,Saskylakh,98,RU,1570758482,93,71.97,114.09,15.64,14.2
844,Souillac,0,FR,1570758483,93,45.6,-0.6,54.0,2.24
845,Santa Maria del Oro,35,MX,1570758483,57,25.95,-105.37,69.24,3.39
846,Miraflores,0,PE,1570758483,13,-16.39,-71.52,55.4,3.36
847,Gat,86,SN,1570758483,88,14.69,-16.54,78.8,8.05
848,Mahibadhoo,97,MV,1570758483,65,3.78,72.97,83.12,2.34
849,Tanete,45,ID,1570758483,30,-3.94,119.78,94.86,10.02
850,Makakilo City,75,US,1570758483,62,21.35,-158.09,88.0,4.7
851,Klaksvik,100,FO,1570758483,93,62.23,-6.59,48.2,3.36
852,Provideniya,40,RU,1570758484,64,64.42,-173.23,35.6,4.47
853,Mykhaylivka,90,UA,1570758484,93,47.27,35.22,57.2,6.71
854,Katsuura,75,JP,1570758484,73,33.93,134.5,82.0,12.75
855,Ponta Delgada,40,PT,1570758484,72,37.73,-25.67,70.0,8.05
856,Cameron Park,1,US,1570758484,14,38.68,-120.99,75.2,3.36
857,Fenoarivo Atsinanana,84,MG,1570758484,85,-17.38,49.41,73.27,5.98
858,Anloga,40,GH,1570758484,88,5.79,0.9,78.8,10.29
859,Dunedin,100,NZ,1570758484,97,-45.87,170.5,46.99,19.06
860,Queenstown,0,ZA,1570758485,90,-31.89,26.88,41.07,3.15
861,Grand Gaube,40,MU,1570758485,77,-20.01,57.66,73.0,11.41
862,Puerto Ayora,3,EC,1570758485,90,-0.74,-90.35,66.0,10.21
863,Ouegoa,32,NC,1570758485,54,-20.34,164.44,76.87,5.1
864,San Policarpo,33,PH,1570758485,68,12.18,125.51,84.9,9.45
865,Sao Joao da Barra,94,BR,1570758485,86,-21.64,-41.05,73.31,14.0
866,Esperance,98,AU,1570758485,68,-33.86,121.89,66.2,6.93
867,Miyako,20,JP,1570758485,64,33.63,130.94,86.0,4.7
868,Rincon,75,PA,1570758486,100,8.46,-82.28,73.4,3.36
869,Sinnamary,0,GF,1570758486,80,5.38,-52.96,81.21,18.01
870,Saint Anthony,1,US,1570758486,36,43.97,-111.68,32.0,4.7
871,Bonthe,96,SL,1570758486,90,7.53,-12.5,77.83,6.62
872,Comodoro Rivadavia,0,AR,1570758486,80,-45.87,-67.48,41.0,4.41
873,Kawalu,91,ID,1570758486,63,-7.38,108.21,79.95,5.44
874,Yanacancha,49,PE,1570758486,89,-10.53,-76.18,34.77,3.9
875,Khandbari,0,NP,1570758486,66,27.38,87.21,57.88,4.1
876,Nome,1,US,1570758487,78,30.04,-94.42,82.0,3.36
877,Yashkul,100,RU,1570758487,88,46.17,45.34,59.09,13.58
878,Tamale,100,GH,1570758487,95,9.4,-0.84,73.49,4.75
879,Abnub,19,EG,1570758487,77,27.27,31.15,65.77,9.63
880,Ilhabela,94,BR,1570758487,88,-23.78,-45.36,71.01,8.65
881,Alvaraes,64,BR,1570758487,97,-3.22,-64.8,72.68,1.63
882,Rio Gallegos,0,AR,1570758487,50,-51.62,-69.22,33.8,23.04
883,Enshi,100,CN,1570758487,95,30.29,109.48,59.4,3.23
884,Mount Gambier,90,AU,1570758487,67,-37.83,140.78,57.2,11.41
885,Tupiza,94,BO,1570758488,52,-21.44,-65.72,52.03,2.79
886,Bonavista,0,CA,1570758488,87,48.65,-53.11,37.99,3.0
887,Portland,40,US,1570758488,50,43.66,-70.25,55.99,6.93
888,Muli,100,CN,1570758488,81,28.08,109.56,62.22,5.82
889,Chokurdakh,100,RU,1570758488,93,70.62,147.9,14.16,5.7
890,Carutapera,85,BR,1570758488,79,-1.2,-46.02,80.24,19.14
891,San Fernando,20,TT,1570758488,88,10.28,-61.46,75.2,8.82
892,Touros,40,BR,1570758489,83,-5.2,-35.46,77.0,5.82
893,Havoysund,75,NO,1570758489,93,71.0,24.66,35.6,6.29
894,Khorramshahr,100,IR,1570758489,57,30.43,48.18,75.2,2.24
895,Alofi,75,NU,1570758489,65,-19.06,-169.92,82.4,13.87
896,Aplahoue,75,BJ,1570758489,98,6.93,1.68,72.91,3.3
897,Santiago del Estero,80,AR,1570758489,30,-27.8,-64.26,84.47,12.29
898,Zyryanka,99,RU,1570758489,72,65.73,150.89,22.23,1.66
899,Mogadishu,28,SO,1570758489,84,2.04,45.34,80.17,6.42
900,Gazojak,0,TM,1570758490,57,41.19,61.4,50.14,11.78
901,Gold Coast,90,AU,1570758490,72,-28.0,153.41,73.99,8.05
902,Saint-Augustin,20,CA,1570758490,61,45.63,-73.98,57.2,3.36
903,Sri Aman,75,MY,1570758490,88,1.24,111.46,78.8,0.14
904,Fortuna,1,US,1570758490,39,40.6,-124.16,62.6,8.05
905,Xining,100,CN,1570758490,85,36.62,101.77,40.46,2.79
906,Firozpur Jhirka,0,IN,1570758490,48,27.79,76.95,77.92,2.82
907,Yulara,79,AU,1570758491,6,-25.24,130.99,87.8,6.93
908,Mandawar,0,IN,1570758491,62,29.49,78.13,74.75,2.53
909,Taree,75,AU,1570758491,55,-31.91,152.46,71.01,11.41
910,Maurawan,40,IN,1570758491,94,26.43,80.88,73.4,4.13
911,Obo,100,CF,1570758491,98,5.39,26.49,67.75,1.75
912,Atar,32,MR,1570758491,27,20.52,-13.05,80.89,10.93
913,Port Augusta,0,AU,1570758491,45,-32.49,137.76,73.0,10.29
914,Barabinsk,100,RU,1570758492,69,55.35,78.35,39.74,11.91
915,Praia,75,BR,1570758492,60,-20.25,-43.81,71.6,3.71
916,Tabas,0,IR,1570758492,28,33.6,56.92,69.8,4.7
917,Launceston,90,AU,1570758492,57,-41.43,147.14,57.99,17.22
918,Algiers,40,US,1570758492,74,29.94,-90.04,81.0,6.93
919,Goma,100,CD,1570758492,95,-1.67,29.23,55.33,1.02
920,Fallon,90,US,1570758492,68,46.84,-105.12,28.0,16.11
921,Zeya,100,RU,1570758492,43,53.74,127.27,29.97,14.65
922,Nacaome,40,HN,1570758493,77,13.53,-87.49,68.0,2.38
923,Komsomolskiy,99,RU,1570758493,93,67.55,63.78,29.43,13.91
924,Kaihua,2,CN,1570758493,56,29.14,118.41,87.06,1.71
925,Puerto Suarez,0,BO,1570758493,51,-18.96,-57.8,80.33,4.71
926,Santa Isabel do Rio Negro,54,BR,1570758493,94,-0.41,-65.02,73.54,0.98
927,Tilichiki,100,RU,1570758493,84,60.47,166.1,31.1,9.19
928,Marawi,100,PH,1570758493,76,8.0,124.29,84.0,5.01
929,Luwuk,80,ID,1570758493,78,-0.95,122.79,80.64,14.66
930,Sonari,75,IN,1570758494,94,27.03,95.02,73.4,2.82
931,Isangel,40,VU,1570758494,65,-19.55,169.27,80.6,9.17
932,Evensk,98,RU,1570758494,72,61.92,159.24,34.86,2.68
933,Muros,90,ES,1570758494,100,42.77,-9.06,59.0,2.24
934,Xinzhou,42,CN,1570758494,44,38.41,112.73,60.87,4.95
935,Ahtopol,100,BG,1570758494,77,42.1,27.94,66.0,5.82
936,Port Hawkesbury,1,CA,1570758494,93,45.62,-61.36,52.0,8.05
937,Invermere,1,CA,1570758494,73,50.51,-116.03,28.0,1.01
938,Cayenne,100,GF,1570758495,88,4.94,-52.33,77.0,3.36
939,Ardmore,90,US,1570758495,88,34.99,-86.85,72.0,6.56
940,Tinskoy,0,RU,1570758495,41,56.15,96.92,28.87,8.78
941,Tuatapere,100,NZ,1570758495,88,-46.13,167.69,45.0,11.01
942,Acari,0,BR,1570758495,80,-6.44,-36.64,69.93,19.67
943,Eureka,1,US,1570758495,39,40.8,-124.16,62.6,8.05
944,Sergiyevsk,100,RU,1570758495,86,53.94,51.16,44.42,19.15
945,Ponta do Sol,100,BR,1570758495,96,-20.63,-46.0,64.92,3.52
946,Mayo,90,CA,1570758496,56,63.59,-135.9,41.0,12.75
947,Redmond,1,US,1570758496,61,47.67,-122.12,53.01,4.7
948,Stokmarknes,73,NO,1570758496,77,68.56,14.91,37.0,5.99
949,Pankovka,21,RU,1570758496,97,58.5,31.2,39.18,3.97
950,Bubaque,0,GW,1570758496,78,11.28,-15.83,82.04,7.05
951,Port Hedland,0,AU,1570758496,10,-20.31,118.58,102.2,10.29
952,Nizwa,0,OM,1570758496,51,22.93,57.53,75.79,0.63
953,Am Timan,0,TD,1570758497,82,11.04,20.28,73.18,1.91
954,Mehamn,98,NO,1570758497,87,71.03,27.85,35.74,6.88
955,Moerai,69,PF,1570758497,76,-22.43,-151.33,67.37,17.89
956,Bay City,1,US,1570758497,77,43.59,-83.89,62.6,10.7
957,Maloyaroslavets,97,RU,1570758497,91,55.01,36.47,44.67,7.77
958,Ahipara,15,NZ,1570758497,100,-35.17,173.16,71.01,9.15
959,Eyl,33,SO,1570758497,83,7.98,49.82,80.02,5.16
960,Miles City,90,US,1570758497,73,46.41,-105.84,24.8,5.82
961,Pervomayskiy,100,RU,1570758497,92,53.24,40.29,47.14,9.4
962,Asekeyevo,100,RU,1570758498,89,53.57,52.8,42.69,12.22
963,Talnakh,93,RU,1570758498,62,69.49,88.39,18.88,14.83
964,Solginskiy,100,RU,1570758498,98,61.05,41.34,37.13,4.05
965,Saquena,77,PE,1570758498,97,-4.67,-73.52,72.54,2.51
966,Margate,40,AU,1570758498,62,-43.03,147.26,57.99,12.75
967,Lae,23,PG,1570758498,60,-6.72,146.98,79.86,5.21
968,Copiapo,17,CL,1570758498,76,-27.37,-70.33,57.2,3.36
969,Nantucket,90,US,1570758499,93,41.28,-70.1,55.99,27.51
970,Ocos,75,GT,1570758499,100,14.51,-92.19,75.2,2.24
971,Coquimbo,100,CL,1570758499,87,-29.95,-71.34,53.6,4.7
972,Verkhoyansk,96,RU,1570758499,76,67.55,133.39,12.83,3.31
973,Santa Maria,68,BR,1570758499,47,-16.02,-48.01,78.8,4.7
974,Kirakira,36,SB,1570758499,80,-10.46,161.92,81.55,6.78
975,Lasa,100,CY,1570758499,42,34.92,32.53,71.6,10.29
976,Meridian,1,US,1570758500,30,43.61,-116.39,50.0,1.33
977,Tonantins,64,BR,1570758500,95,-2.86,-67.77,72.23,1.11
978,Lucapa,100,AO,1570758500,94,-8.42,20.74,67.32,2.34
979,Paka,18,CF,1570758500,98,4.15,15.03,66.94,0.06
980,Milan,0,IT,1570758500,100,45.47,9.19,55.99,6.93
981,Porto Novo,20,BR,1570758500,82,-23.68,-45.44,66.2,8.05
982,Kalabo,61,ZM,1570758500,67,-15.0,22.67,69.4,3.54
983,Menzelinsk,100,RU,1570758500,85,55.73,53.11,43.5,17.47
984,Tortoli,5,IT,1570758501,22,39.93,9.66,66.2,10.29
985,Outjo,0,NA,1570758501,61,-20.11,16.16,59.88,3.95
986,Nerchinskiy Zavod,0,RU,1570758501,26,51.31,119.61,25.61,8.95
987,Cartagena,40,ES,1570758501,73,37.63,-1.0,73.4,9.17
988,Turukhansk,25,RU,1570758501,44,65.8,87.96,29.23,12.35
989,Pompeu,40,BR,1570758501,73,-21.05,-48.85,77.0,10.29
990,Menongue,80,AO,1570758501,83,-14.66,17.68,60.03,2.93
991,High Prairie,0,CA,1570758501,69,55.43,-116.48,29.98,3.83
992,Lakota,100,CI,1570758502,98,5.85,-5.68,72.09,3.73
993,Bogdanovich,0,RU,1570758502,87,56.77,62.05,32.77,3.1
994,Katherine,80,AU,1570758502,7,-14.47,132.26,93.2,8.05
995,Nador,90,MA,1570758502,83,35.17,-2.93,73.4,9.17
996,Shenjiamen,10,CN,1570758502,69,29.96,122.3,73.8,7.69
997,Palmer,20,AU,1570758502,42,-34.85,139.16,70.0,11.41
998,Verkhnevilyuysk,100,RU,1570758502,83,63.45,120.31,19.69,8.54
999,Taltal,13,CL,1570758502,91,-25.41,-70.49,50.67,2.18
1000,Gananoque,5,CA,1570758503,58,44.33,-76.16,55.4,11.41
1001,Josanicka Banja,40,RS,1570758503,100,43.39,20.75,51.8,2.24
1002,Krasnovishersk,100,RU,1570758503,97,60.4,57.08,35.76,5.89
1003,Kulhudhuffushi,2,MV,1570758503,73,6.62,73.07,82.98,6.57
1004,Okhotsk,100,RU,1570758503,91,59.36,143.24,39.36,16.74
1005,Wewak,100,PG,1570758503,64,-3.55,143.63,84.47,4.65
1006,Sept-Iles,5,CA,1570758503,76,50.2,-66.38,39.0,2.24
1007,Muisne,100,EC,1570758503,88,0.61,-80.02,74.26,9.51
1008,Ahuimanu,40,US,1570758504,74,21.44,-157.84,88.0,8.05
1009,North Bend,1,US,1570758504,59,43.41,-124.22,61.0,6.93
1010,Banyo,100,CM,1570758504,97,6.75,11.81,65.39,0.46
1011,Temizhbekskaya,19,RU,1570758504,78,45.45,40.85,53.96,5.67
1012,Rio Grande,24,BR,1570758504,90,-32.03,-52.1,69.01,14.82
1013,Biograd na Moru,20,HR,1570758504,93,43.94,15.45,63.0,4.7
1014,Atambua,70,ID,1570758504,44,-9.11,124.89,86.67,4.1
1015,West Milford,75,US,1570758504,41,41.13,-74.37,64.4,9.17
1016,Kintinku,40,TZ,1570758505,93,-5.89,35.22,66.2,11.41
1017,Aleksandro-Nevskiy,100,RU,1570758505,92,53.48,40.21,45.61,9.98
1018,Inta,77,RU,1570758505,85,66.04,60.13,27.64,9.26
1019,Espanola,2,CA,1570758505,86,46.27,-81.77,53.01,5.15
1020,Aleksandrovskoye,0,RU,1570758505,61,56.74,85.39,28.99,12.03
1021,Libertador General San Martin,19,AR,1570758505,44,-23.81,-64.79,71.28,3.8
1022,Morro Bay,1,US,1570758505,77,35.37,-120.85,66.99,3.59
1023,Constitucion,75,MX,1570758505,28,23.99,-104.67,73.4,6.66
1024,Labuhan,100,ID,1570758506,55,-2.54,115.51,89.6,3.76
1025,Lata,0,IN,1570758506,46,30.78,78.62,37.09,3.67
1026,Liverpool,20,GB,1570758506,82,53.41,-2.98,59.0,18.34
1027,Champerico,75,MX,1570758506,83,16.38,-93.6,75.2,0.63
1028,Tra Vinh,0,VN,1570758506,56,9.93,106.35,88.36,5.11
1029,Sabinas,27,MX,1570758506,49,27.85,-101.13,84.63,12.58
1030,Beringovskiy,50,RU,1570758506,69,63.05,179.32,33.48,3.48
1031,Saint-Martin-de-Crau,0,FR,1570758506,67,43.64,4.81,57.2,6.93
1032,Keetmanshoop,0,NA,1570758507,15,-26.57,18.15,60.8,3.36
1033,Charlottetown,75,CA,1570758507,100,46.23,-63.13,51.01,4.7
1034,Murgab,0,TM,1570758507,58,37.5,61.97,57.2,6.93
1035,Namatanai,86,PG,1570758507,66,-3.66,152.44,85.82,3.78
1036,Puerto Carreno,98,CO,1570758507,85,6.19,-67.49,76.03,4.05
1037,Minab,100,IR,1570758507,48,27.15,57.07,82.4,1.12
1038,Reitz,65,ZA,1570758507,82,-27.8,28.43,46.06,10.31
1039,Syracuse,20,US,1570758507,76,43.05,-76.15,54.0,3.36
1040,Crabtree,40,CA,1570758508,71,45.96,-73.47,57.2,10.29
1041,Guanica,1,PR,1570758508,88,17.97,-66.91,80.01,3.36
1042,Jos,0,NG,1570758508,88,9.92,8.9,65.62,4.23
1043,Sangolqui,20,EC,1570758508,87,-0.33,-78.45,57.2,5.82
1044,Halifax,90,CA,1570758508,70,44.65,-63.58,50.0,8.05
1045,Shakawe,100,BW,1570758508,56,-18.36,21.84,72.41,1.83
1046,Hamilton,5,CA,1570758508,76,43.26,-79.87,57.99,9.17
1047,Sao Gabriel da Cachoeira,0,BR,1570758508,89,-0.13,-67.09,73.42,1.8
1048,Punta Gorda,1,US,1570758509,78,26.93,-82.05,80.6,10.29
1049,Acapulco,75,MX,1570758509,74,16.86,-99.88,84.2,2.24
1050,Rach Gia,40,VN,1570758509,94,10.02,105.08,84.2,3.36
1051,Itoman,20,JP,1570758509,58,26.12,127.67,82.4,25.28
1052,Kanniyakumari,100,IN,1570758509,79,8.08,77.57,79.32,5.67
1053,Ati,34,TD,1570758509,56,13.21,18.34,83.26,6.28
1054,Brigantine,90,US,1570758509,48,39.41,-74.36,64.0,6.93
1055,San Carlos,100,NI,1570758509,1,11.12,-84.78,73.0,5.99
1056,Ginir,95,ET,1570758510,91,7.14,40.71,58.1,2.63
1057,Puerto Madryn,53,AR,1570758510,82,-42.77,-65.04,48.45,21.63
1058,Sobolevo,100,RU,1570758510,98,54.43,31.9,43.0,6.26
1059,Mao,20,DO,1570758510,74,19.55,-71.08,80.6,5.82
1060,Cerritos,1,US,1570758510,7,33.86,-118.05,78.8,4.7
1061,Maroantsetra,78,MG,1570758510,98,-15.43,49.74,65.55,1.69
1062,Purpe,100,RU,1570758510,77,64.48,76.69,36.0,18.4
1063,Lavrentiya,0,RU,1570758510,59,65.58,-170.99,32.52,6.68
1064,Calvinia,0,ZA,1570758511,36,-31.47,19.78,46.87,4.22
1065,Ambilobe,35,MG,1570758511,69,-13.19,49.05,75.67,10.23
1066,Aripuana,100,BR,1570758511,88,-9.17,-60.63,72.46,2.29
1067,Okato,0,NZ,1570758511,63,-39.19,173.88,62.01,7.0
1068,Hovd,78,NO,1570758511,94,63.83,10.7,41.0,8.05
1069,Soledad,100,US,1570758511,15,36.43,-121.33,71.6,11.41
1070,Springbok,0,ZA,1570758511,14,-29.67,17.88,54.45,10.77
1071,Verin,0,ES,1570758511,60,41.94,-7.44,52.0,1.01
1072,Show Low,1,US,1570758512,15,34.25,-110.03,53.6,8.05
1073,Bueno Brandao,100,BR,1570758512,89,-22.44,-46.35,64.2,5.44
1074,Fomboni,0,KM,1570758512,79,-12.28,43.74,79.56,6.92
1075,Kem,93,UG,1570758512,80,2.68,33.77,68.14,5.29
1076,Salalah,40,OM,1570758512,65,17.01,54.1,77.0,3.36
1077,Yatou,40,CM,1570758512,100,3.63,9.81,77.0,3.36
1078,Hualmay,19,PE,1570758512,86,-11.1,-77.61,54.59,1.19
1079,Longyearbyen,75,NO,1570758512,79,78.22,15.63,26.6,2.24
1080,Praia da Vitoria,20,PT,1570758513,82,38.73,-27.07,66.2,19.28
1081,Pokaran,0,IN,1570758513,26,26.93,71.92,85.44,9.74
1082,Matagami,0,NG,1570758513,90,9.67,8.4,67.75,3.06
1083,Bridgetown,95,AU,1570758513,88,-33.96,116.14,66.99,4.0
1084,Medvezhyegorsk,79,RU,1570758513,97,62.92,34.47,28.04,3.66
1085,Wageningen,90,NL,1570758513,76,51.98,5.66,57.2,18.34
1086,Limon,1,US,1570758513,92,39.26,-103.69,25.0,13.87
1087,Kargasok,100,RU,1570758513,53,59.06,80.87,31.93,18.3
1088,Kuloy,100,RU,1570758514,95,61.03,42.49,36.5,4.78
1089,Tiznit,100,MA,1570758514,36,29.7,-9.73,72.55,2.61
1090,Los Llanos de Aridane,75,ES,1570758514,88,28.66,-17.92,69.8,4.7
1091,Linjiang,75,CN,1570758514,58,41.81,126.91,57.13,4.14
1092,Maceio,40,BR,1570758514,78,-9.67,-35.74,77.0,11.41
1093,Marienburg,75,DE,1570758514,76,52.12,9.98,55.4,12.75
1094,Ponferrada,0,ES,1570758514,96,42.55,-6.59,53.01,3.18
1095,Doha,13,QA,1570758514,70,25.29,51.53,87.8,4.7
1096,Nurota,0,UZ,1570758515,66,40.56,65.69,50.0,6.93
1097,Juneau,90,US,1570758515,81,58.3,-134.42,48.2,16.11
1098,Rome,0,IT,1570758515,87,41.89,12.48,63.0,3.36
1099,Nahrin,65,AF,1570758515,31,36.06,69.13,60.94,2.97
1100,Mansa,0,IN,1570758515,78,23.43,72.66,73.4,2.24
1101,Chegdomyn,100,RU,1570758515,53,51.13,133.04,34.2,12.66
1102,Karratha,0,AU,1570758515,47,-20.74,116.85,82.81,11.42
1103,Uptar,100,RU,1570758515,81,59.75,150.92,39.97,28.84
1104,Kendari,72,ID,1570758515,33,-3.99,122.52,94.24,2.18
1105,Montevideo,90,US,1570758516,93,44.94,-95.72,37.4,13.87
1106,Villa Bruzual,95,VE,1570758516,94,9.33,-69.12,72.66,1.42
1107,Kuytun,0,RU,1570758516,42,54.34,101.51,25.86,5.21
1108,Chapais,1,CA,1570758516,65,49.78,-74.86,46.4,4.7
1109,San Esteban,100,HN,1570758516,98,15.21,-85.77,65.66,0.5
1110,Namtsy,100,RU,1570758516,82,62.72,129.66,22.91,8.9
1111,Barranca,0,PE,1570758516,87,-10.75,-77.76,59.36,6.06
1112,Ruteng,62,ID,1570758516,31,-8.61,120.46,88.41,6.94
1113,Alihe,0,CN,1570758517,20,50.57,123.73,31.19,10.72
1114,Quesnel,20,CA,1570758517,65,52.98,-122.49,41.0,3.27
1115,Machaneng,100,BW,1570758517,70,-23.19,27.49,60.64,14.1
1116,Caconda,85,AO,1570758517,87,-13.73,15.06,61.97,2.09
1117,Sorland,30,NO,1570758517,65,67.67,12.69,44.35,11.04
1118,Opuwo,0,NA,1570758517,56,-18.06,13.84,57.63,2.19
1119,Tocopilla,0,CL,1570758517,30,-22.09,-70.2,51.87,3.44
1120,Lazaro Cardenas,40,MX,1570758518,31,28.39,-105.62,78.8,5.82
1121,Vila Velha,20,BR,1570758518,74,-3.71,-38.6,80.6,11.41
1122,Cap Malheureux,40,MU,1570758518,77,-19.98,57.61,73.0,11.41
1123,Birjand,0,IR,1570758518,50,32.86,59.22,55.4,11.41
1124,Kommunisticheskiy,0,RU,1570758518,80,61.68,64.48,31.17,4.53
1125,Alugan,33,PH,1570758518,68,12.22,125.48,84.9,9.45
